scenario_name,attack_technique,total,attack_success_rate_%,blocked_rate_%,db_error_rate_%
C3,comment_terminated_fragment,128,3.12,84.38,2.34
C3,subquery_fragment,38,21.05,68.42,10.53
C3,time_based_fragment,30,33.33,56.67,6.67
C3,boolean_like_fragment,25,20.0,68.0,4.0
C3,stacked_write_or_ddl_fragment,17,0.0,76.47,0.0
C3,write_fragment,15,0.0,80.0,0.0
C3,comment_terminated,12,66.67,25.0,0.0
C3,ddl_fragment,11,0.0,90.91,0.0
C3,quote_termination_fragment,11,0.0,72.73,0.0
C3,stacked_fragment,6,0.0,100.0,0.0
C3,boolean_based_fragment,5,20.0,60.0,20.0
C3,fingerprinting_fragment,5,60.0,20.0,20.0
C3,union_based_fragment,5,40.0,60.0,0.0
C3,union_based,4,25.0,75.0,0.0
C3,authentication_bypass_fragment,3,33.33,66.67,0.0
C3,schema_enumeration_fragment,3,33.33,66.67,0.0
C3,stacked_query,3,0.0,100.0,0.0
C3,write_query,3,0.0,100.0,0.0
