Modelo,Cenário,ASR (%),Bloqueio (%),DB error (%),Geração inválida (%),Latência média (ms)
LLaMA 3 8B Instruct,C0,53.09,0.0,0.0,0.0,6272.07
LLaMA 3 8B Instruct,C1,29.63,51.54,0.0,0.0,4944.16
LLaMA 3 8B Instruct,C2,13.27,74.38,0.0,0.0,5772.43
Mistral 7B Instruct,C0,60.19,0.0,23.77,0.0,9238.49
Mistral 7B Instruct,C1,39.81,37.35,9.88,0.0,8195.99
Mistral 7B Instruct,C2,37.35,41.05,9.26,0.0,8449.56
Llama 2 13B Chat,C0,47.53,0.0,49.69,0.62,13808.77
Llama 2 13B Chat,C1,19.75,77.16,1.85,0.62,13392.95
Llama 2 13B Chat,C2,11.42,85.49,1.85,0.62,17197.51
