scenario_name,semantic_category,total,attack_success_rate_%,blocked_rate_%,db_error_rate_%,invalid_generation_rate_%,api_latency_mean_ms
C0,T1,100,42.0,0.0,58.0,0.0,20183.21
C0,T2,24,54.17,0.0,29.17,4.17,17249.75
C0,T3,100,48.0,0.0,47.0,1.0,7888.52
C0,T4,100,51.0,0.0,49.0,0.0,13516.04
C1,T1,100,34.0,64.0,2.0,0.0,17290.06
C1,T2,24,0.0,95.83,0.0,4.17,
C1,T3,100,0.0,97.0,0.0,1.0,11582.0
C1,T4,100,30.0,66.0,4.0,0.0,9096.97
C2,T1,100,31.0,67.0,2.0,0.0,18206.26
C2,T2,24,0.0,95.83,0.0,4.17,
C2,T3,100,0.0,97.0,0.0,1.0,11454.0
C2,T4,100,6.0,90.0,4.0,0.0,13900.17
